{
  "reporter": "cypress-mochawesome-reporter",
  "reporterOptions": {
    "reportDir": "cypress/Reports",
    "charts": true,
    "overwrite": false,
    "html": false,
    "json": true,
    "reportPageTitle": "Legrande Cypress",
    "reportFilename": "Legrande Cypress Test Report",
    "embeddedScreenshots": true,
    "inlineAssets": true
  },
  "defaultCommandTimeout": 30000,
  "retries": {
    "runMode": 1,
    "openMode": 1
  },
  "video": false,
  "scrollBehavior": "nearest",
  "chromeWebSecurity": false,
  "projectId": "bp9zfb",
  "env": {
    "SLACK_WEBHOOK_URL": "https://hooks.slack.com/services/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"
  }
}